"编号";"位号";"封装";"数量";"名称";"供应商编号";
1;"R20";"R_0603_1608Metric";1;"1k";;;
2;"D41,D54,D50,D32,D31,D14,D20,D33,D42,D39,D63,D15,D26,D44,D61,D38,D24,D35,D21,D22,D57,D43,D56,D16,D47,D29,D48,D36,D40,D64,D46,D51,D49,D27,D59,D13,D17,D23,D19,D62,D25,D53,D58,D12,D45,D37,D34,D52,D60,D18,D28,D30,D55";"D_SOD-323";53;"1N4148WS";;;
3;"CN1";"AUDIO-SMD_PJ-327A0-SMT";1;"PJ-327A0-SMT";;;
4;"R24,R30,R25,R32,R26,R28,R33,R31,R27,R29,R36";"R_0402_1005Metric";11;"10k";;;
5;"R23";"R_0603_1608Metric";1;"2";;;
6;"C25,C9,C14,C13,C45,C12,C17,C19,C21,C15";"C_0402_1005Metric";10;"0.1uF";;;
7;"Q3";"SOT-23";1;"2N7002";;;
8;"C7,C4,C6,C2,C5";"C_0603_1608Metric";5;"4.7uF";;;
9;"L2";"L_0402_1005Metric";1;"1.3nH";;;
10;"C44,C16,C24,C18,C11";"C_0402_1005Metric";5;"10uF";;;
11;"D4,D1,D2";"LED_0603_1608Metric";3;"LED";;;
12;"R18,R17,R13,R16,R15,R14";"R_0603_1608Metric";6;"470";;;
13;"U9";"TSSOP-20_4.4x6.5mm_P0.65mm";1;"PCM5102A";;;
14;"L1";"L_0402_1005Metric";1;"39nH";;;
15;"C22,C23";"C_0603_1608Metric";2;"10pF";;;
16;"C3,C34,C46,C42,C1,C31,C32,C33,C38";"C_0603_1608Metric";9;"0.1uF";;;
17;"C20,C10";"C_0402_1005Metric";2;"1uF";;;
18;"C40,C41";"C_0603_1608Metric";2;"22uF";;;
19;"J2";"microSD_External_Pin";1;"microSD";;;
20;"R9,R6,R8,R5,R4";"R_0402_1005Metric";5;"4.7k";;;
21;"R12";"R_0603_1608Metric";1;"1.8M";;;
22;"C35,C43";"C_0603_1608Metric";2;"10uF";;;
23;"D8,D10,D7,D11,D6,D9";"D_SOD-882";6;"LESD8D3.3CAT5G";;;
24;"U5";"SOT-23-5";1;"ME6217C33M5";;;
25;"C29,C30";"C_0603_1608Metric";2;"2.2uF";;;
26;"R7";"R_0402_1005Metric";1;"499";;;
27;"U3";"SOIC-8_3.9x4.9mm_P1.27mm";1;"ESP-PSRAM64H";;;
28;"U10";"SOT-23-5";1;"ME6211C33M5";;;
29;"L6";"IND-SMD_L4.5-W4.0_SCCD43";1;"SCCD43-220KT";;;
30;"J1";"USB-C_16";1;"USB_C_Receptacle";;;
31;"REF**";"L-MODEL-LOGO_5x5";1;"L-MODEL-LOGO_5x5";;;
32;"D3";"D_SMA";1;"SS14";;;
33;"R2,R3";"R_0402_1005Metric";2;"5.1k";;;
34;"Q4,Q5";"SOT-23";2;"AO3401A";;;
35;"R34,R35";"R_0603_1608Metric";2;"1M";;;
36;"R1";"R_0402_1005Metric";1;"560";;;
37;"C28,C27";"C_0603_1608Metric";2;"2.2nF";;;
38;"BAT-1,BAT+1";"TestPoint_Pad_2.0x2.0mm";2;"~";;;
39;"R21,R22";"R_0603_1608Metric";2;"330";;;
40;"SWRST1";"MaskBtm4mm";1;"RST";;;
41;"X2";"CRYSTAL-SMD_4P-L2.5-W2.0-BL-A";1;"12MHz";;;
42;"U6";"SSOP-10-1EP_3.9x4.9mm_P1mm_EP2.1x3.3mm";1;"CH340K";;;
43;"U8";"QSOP-16_3.9x4.9mm_P0.635mm";1;"CH334R";;;
44;"R19";"R_0603_1608Metric";1;"0";;;
45;"R10";"R_0603_1608Metric";1;"15k";;;
46;"D5";"D_SMA";1;"SS34";;;
47;"L5";"Inductor_4.7x4.7mm";1;"10uH_5x5mm_1.0A";;;
48;"U12";"SSOP-24_5.3x8.2mm_P0.65mm";1;"PCF8575DBR";;;
49;"U4";"SOIC-8_5.23x5.23mm_P1.27mm";1;"W25Q128JVS";;;
50;"X1";"CRYSTAL-SMD_4P-L2.5-W2.0-BL";1;"40MHz";;;
51;"SH1";"SH1122_FPC";1;"~";;;
52;"C8";"C_0402_1005Metric";1;"8.2pF";;;
53;"U11";"ESOP-8_L4.9-W3.9-P1.27-LS6.0-BL-EP";1;"TP5400_C2891434";;;
54;"Q1,Q2";"SOT-23";2;"MMBT3904";;;
55;"U2";"SOT-23-5";1;"TPS61040DBV";;;
56;"SWBOOT1";"MaskBtm4mm";1;"BOOT";;;
57;"C26";"C_0402_1005Metric";1;"4.7pF";;;
58;"L4,L3";"L_0402_1005Metric";2;"2nH";;;
59;"C39";"C_0805_2012Metric";1;"47uF";;;
60;"C36,C37";"C_0603_1608Metric";2;"1uF";;;
61;"U7";"FILTER-SMD_L5.2-W2.0-L";1;"RFANT5220110A0T";;;
62;"U1";"QFN-56-1EP_7x7mm_P0.4mm_EP4x4mm";1;"ESP32-S3";;;
63;"R11";"R_0603_1608Metric";1;"205K";;;
64;"SW35";"MaskBtm5mm";1;"SW_KL";;;
65;"SW18";"MaskBtm5mm";1;"SW_KW";;;
66;"SW52";"MaskBtm5mm";1;"SW_CALENDAR";;;
67;"SW51";"MaskBtm5mm";1;"SW_REMARK";;;
68;"SW50";"MaskBtm5mmBh";1;"SW_SPACE";;;
69;"SW5";"MaskBtm6mm";1;"SW_UP2";;;
70;"SW42";"MaskBtm5mm";1;"SW_KM";;;
71;"SW4";"MaskBtm6mmBh";1;"SW_RIGHT";;;
72;"SW53";"MaskBtm5mm";1;"SW_MODE";;;
73;"SW11";"MaskBtm4mmBh";1;"SW_K5";;;
74;"SW32";"MaskBtm5mm";1;"SW_KH";;;
75;"SW29";"MaskBtm5mm";1;"SW_KD";;;
76;"SW46";"MaskBtm5mm";1;"SW_CE(IO0)";;;
77;"SW12";"MaskBtm4mmBh";1;"SW_K6";;;
78;"SW8";"MaskBtm4mmBh";1;"SW_K2";;;
79;"SW26";"MaskBtm5mm";1;"SW_KP";;;
80;"SW33";"MaskBtm5mm";1;"SW_KJ";;;
81;"SW44";"MaskBtm5mm";1;"SW_KDOT";;;
82;"SW28";"MaskBtm5mm";1;"SW_KS";;;
83;"SW43";"MaskBtm5mm";1;"SW_KCOM";;;
84;"SW22";"MaskBtm5mm";1;"SW_KY";;;
85;"SW49";"MaskBtm5mm";1;"SW_MCK";;;
86;"SW36";"MaskBtm5mm";1;"SW_KZ";;;
87;"SW2";"MaskBtm6mm";1;"SW_UP";;;
88;"SW13";"MaskBtm4mmBh";1;"SW_K7";;;
89;"SW7";"MaskBtm4mmBh";1;"SW_K1";;;
90;"SW54";"MaskBtm5mmBh";1;"SW_ENTER";;;
91;"SW37";"MaskBtm5mm";1;"SW_KX";;;
92;"SW1";"MaskBtm6mmBh";1;"SW_LEFT";;;
93;"SW16";"MaskBtm4mmBh";1;"SW_K0";;;
94;"SW39";"MaskBtm5mm";1;"SW_KV";;;
95;"SW6";"MaskBtm6mm";1;"SW_DOWN2";;;
96;"SW24";"MaskBtm5mm";1;"SW_KI";;;
97;"SW31";"MaskBtm5mm";1;"SW_KG";;;
98;"SW20";"MaskBtm5mm";1;"SW_KR";;;
99;"SW17";"MaskBtm5mm";1;"SW_KQ";;;
100;"SW23";"MaskBtm5mm";1;"SW_KU";;;
101;"SW41";"MaskBtm5mm";1;"SW_KN";;;
102;"SW38";"MaskBtm5mm";1;"SW_KC";;;
103;"SW45";"MaskBtm5mm";1;"SW_SHIFT";;;
104;"SW19";"MaskBtm5mm";1;"SW_KE";;;
105;"SW14";"MaskBtm4mmBh";1;"SW_K8";;;
106;"SW21";"MaskBtm5mm";1;"SW_KT";;;
107;"SW47";"MaskBtm5mm";1;"SW_OFF";;;
108;"SW30";"MaskBtm5mm";1;"SW_KF";;;
109;"SW9";"MaskBtm4mmBh";1;"SW_K3";;;
110;"SW10";"MaskBtm4mmBh";1;"SW_K4";;;
111;"SW25";"MaskBtm5mm";1;"SW_KO";;;
112;"SW3";"MaskBtm6mm";1;"SW_DOWN";;;
113;"SW34";"MaskBtm5mm";1;"SW_KK";;;
114;"SW40";"MaskBtm5mm";1;"SW_KB";;;
115;"SW15";"MaskBtm4mmBh";1;"SW_K9";;;
116;"SW48";"MaskBtm5mm";1;"SW_SECRET";;;
117;"SW27";"MaskBtm5mm";1;"SW_KA";;;
