{
  "Header": {
    "GenerationSoftware": {
      "Vendor": "KiCad",
      "Application": "Pcbnew",
      "Version": "8.0.5-unknown-202409261835~48b9027842~ubuntu24.04.1"
    },
    "CreationDate": "2024-10-03T03:13:53+08:00"
  },
  "GeneralSpecs": {
    "ProjectId": {
      "Name": "EL6170_Pro_Max_Plus",
      "GUID": "454c3631-3730-45f5-9072-6f5f4d61785f",
      "Revision": "rev?"
    },
    "Size": {
      "X": 128.05,
      "Y": 70.55
    },
    "LayerNumber": 4,
    "BoardThickness": 1.6,
    "Finish": "None"
  },
  "DesignRules": [
    {
      "Layers": "Outer",
      "PadToPad": 0.15,
      "PadToTrack": 0.15,
      "TrackToTrack": 0.2,
      "MinLineWidth": 0.2,
      "TrackToRegion": 0.2,
      "RegionToRegion": 0.2
    },
    {
      "Layers": "Inner",
      "PadToPad": 0.0,
      "PadToTrack": 0.0,
      "TrackToTrack": 0.2,
      "MinLineWidth": 0.2,
      "TrackToRegion": 0.25,
      "RegionToRegion": 0.25
    }
  ],
  "FilesAttributes": [
    {
      "Path": "EL6170_Pro_Max_Plus-F_Cu.gbr",
      "FileFunction": "Copper,L1,Top",
      "FilePolarity": "Positive"
    },
    {
      "Path": "EL6170_Pro_Max_Plus-In1_Cu.gbr",
      "FileFunction": "Copper,L2,Inr",
      "FilePolarity": "Positive"
    },
    {
      "Path": "EL6170_Pro_Max_Plus-In2_Cu.gbr",
      "FileFunction": "Copper,L3,Inr",
      "FilePolarity": "Positive"
    },
    {
      "Path": "EL6170_Pro_Max_Plus-B_Cu.gbr",
      "FileFunction": "Copper,L4,Bot",
      "FilePolarity": "Positive"
    },
    {
      "Path": "EL6170_Pro_Max_Plus-F_Paste.gbr",
      "FileFunction": "SolderPaste,Top",
      "FilePolarity": "Positive"
    },
    {
      "Path": "EL6170_Pro_Max_Plus-B_Paste.gbr",
      "FileFunction": "SolderPaste,Bot",
      "FilePolarity": "Positive"
    },
    {
      "Path": "EL6170_Pro_Max_Plus-F_Silkscreen.gbr",
      "FileFunction": "Legend,Top",
      "FilePolarity": "Positive"
    },
    {
      "Path": "EL6170_Pro_Max_Plus-B_Silkscreen.gbr",
      "FileFunction": "Legend,Bot",
      "FilePolarity": "Positive"
    },
    {
      "Path": "EL6170_Pro_Max_Plus-F_Mask.gbr",
      "FileFunction": "SolderMask,Top",
      "FilePolarity": "Negative"
    },
    {
      "Path": "EL6170_Pro_Max_Plus-B_Mask.gbr",
      "FileFunction": "SolderMask,Bot",
      "FilePolarity": "Negative"
    },
    {
      "Path": "EL6170_Pro_Max_Plus-Edge_Cuts.gbr",
      "FileFunction": "Profile",
      "FilePolarity": "Positive"
    }
  ],
  "MaterialStackup": [
    {
      "Type": "Legend",
      "Name": "Top Silk Screen"
    },
    {
      "Type": "SolderPaste",
      "Name": "Top Solder Paste"
    },
    {
      "Type": "SolderMask",
      "Thickness": 0.01,
      "Name": "Top Solder Mask"
    },
    {
      "Type": "Copper",
      "Thickness": 0.035,
      "Name": "F.Cu"
    },
    {
      "Type": "Dielectric",
      "Thickness": 0.1,
      "Material": "FR4",
      "Name": "F.Cu/In1.Cu",
      "Notes": "Type: dielectric layer 1 (from F.Cu to In1.Cu)"
    },
    {
      "Type": "Copper",
      "Thickness": 0.035,
      "Name": "In1.Cu"
    },
    {
      "Type": "Dielectric",
      "Thickness": 1.24,
      "Material": "FR4",
      "Name": "In1.Cu/In2.Cu",
      "Notes": "Type: dielectric layer 2 (from In1.Cu to In2.Cu)"
    },
    {
      "Type": "Copper",
      "Thickness": 0.035,
      "Name": "In2.Cu"
    },
    {
      "Type": "Dielectric",
      "Thickness": 0.1,
      "Material": "FR4",
      "Name": "In2.Cu/B.Cu",
      "Notes": "Type: dielectric layer 3 (from In2.Cu to B.Cu)"
    },
    {
      "Type": "Copper",
      "Thickness": 0.035,
      "Name": "B.Cu"
    },
    {
      "Type": "SolderMask",
      "Thickness": 0.01,
      "Name": "Bottom Solder Mask"
    },
    {
      "Type": "SolderPaste",
      "Name": "Bottom Solder Paste"
    },
    {
      "Type": "Legend",
      "Name": "Bottom Silk Screen"
    }
  ]
}
